trade_id,timestamp,pnl,fee_paid,balance,equity,pbr,qty,price,psize,pprice,type,adg
585926,1610045138000.0,0.0,-0.2903249919244647,999.7096750080756,999.6646830836108,0.29040930500359463,29.999999165534973,9.6775,30.0,9.67749973081549,long_ientry_partial,0.9999505474693405
594430,1610053642000.0,1.4333514133117493,-0.0523369999051094,1001.0906894214822,1007.906566081107,0.23916049352005642,-5.259999990463257,9.95,24.74,9.67749973081549,long_nclose_partial,1.001145350103532
594456,1610053668000.0,3.3369631629809318,-0.1180153340502262,1004.309637250413,1007.9871577202013,0.12420768147932097,-11.849999904632568,9.9591,12.89,9.67749973081549,long_nclose_partial,1.001156934434382
594459,1610053671000.0,0.6542536055339268,-0.022815727619934084,1004.9410751283269,1007.9843379816828,0.10207712639623667,-2.2899999618530273,9.9632,10.6,9.67749973081549,long_nclose_partial,1.0011565215418603
594469,1610053681000.0,1.03005104220571,-0.03761100090146064,1005.9335151696312,1007.8819910054696,0.06561124285935731,-3.78000009059906,9.95,6.82,9.67749973081549,long_nclose_partial,1.0011417271068872
594508,1610053720000.0,0.7466507401643182,-0.027263000094890594,1006.6529029097006,1007.7769440079734,0.03922325042484782,-2.740000009536743,9.95,4.08,9.67749973081549,long_nclose_partial,1.0011264870805068
594553,1610053765000.0,1.1118010982727944,-0.040596,1007.7241080079734,1007.7241080079734,0.0,-4.08,9.95,0.0,9.67749973081549,long_nclose_full,1.0011187741822083
600981,1610060193000.0,0.0,-0.34157760000000004,1007.3825304079734,1007.1703704079733,0.3390743731298047,35.36,9.66,35.36,9.66,long_ientry_full,1.001027697413519
643144,1610102356000.0,-0.07199999809265303,-0.017315999541282653,1007.2932144103395,1005.9642384103395,0.32184233484564645,-1.7999999523162842,9.62,33.56,9.66,long_sclose_partial,1.000799175360246
643173,1610102385000.0,-0.3915479999999958,-0.140741052,1006.7609253583395,1006.3762403583395,0.18182767665008845,-14.61,9.6332,18.95,9.66,long_sclose_full,1.00085419125004
766784,1610225996000.0,0.1821150040626534,-0.01670071537256241,1006.9263396470295,1008.7744676470295,0.16539283306302105,-1.7100000381469727,9.7665,17.24,9.66,long_nclose_partial,1.0009848652827753
766787,1610225999000.0,1.948119999999992,-0.16848652,1008.7059731270296,1008.7059731270296,0.0,-17.24,9.773,0.0,9.66,long_nclose_full,1.000977202969599
815681,1610274893000.0,0.0,-0.31552594000000006,1008.3904471870295,1008.0855591870295,0.3129005643401126,33.14,9.521,33.14,9.521,long_ientry_full,1.0008533728628084
926910,1610386122000.0,0.0,-0.19497140000000002,1008.1954757870295,945.6469997870294,0.5063475806628567,25.42,7.67,58.56,8.717509221311477,long_rentry_full,0.9948042533730987
1063577,1610522789000.0,5.257909733606466,-0.326934,1013.126451520636,1016.4294017870294,0.18637480982773508,-36.9,8.86,21.66,8.717509221311477,long_sclose_full,1.0013246789425716
1063591,1610522803000.0,0.16101457991802998,-0.0100118,1013.277454300554,1016.2500089870294,0.1766253295718146,-1.13,8.86,20.53,8.717509221311477,long_sclose_full,1.0013103040545133
1069459,1610528671000.0,7.236635686475377,-0.18620710000000004,1020.3278828870294,1020.3278828870294,0.0,-20.53,9.07,0.0,8.717509221311477,long_nclose_full,1.0016271126849086
1676808,1611136020000.0,0.0,-0.41056189800000004,1019.9173209890295,1019.6484209890294,0.40254429408245745,26.89,15.2682,26.89,15.2682,long_ientry_full,1.001003098803674
1703352,1611162564000.0,7.977559999999998,-0.224786,1027.6700949890294,1035.0125289890293,0.18853663149755112,-14.2,15.83,12.69,15.2682,long_sclose_full,1.0017470996927516
1703371,1611162583000.0,0.3595519999999999,-0.0101312,1028.0195157890294,1034.8699407890294,0.1789672347404705,-0.64,15.83,12.05,15.2682,long_sclose_full,1.0017400796896208
1703573,1611162785000.0,7.690309999999994,-0.19167212,1035.5181536690293,1035.5181536690293,0.0,-12.05,15.9064,0.0,15.2682,long_nclose_full,1.001771686630515
1761199,1611220411000.0,0.0,-0.37563750000000007,1035.1425161690292,1034.7346811690293,0.3628848145376167,23.85,15.75,23.85,15.75,long_ientry_full,1.001676473978195
1763655,1611222867000.0,0.37520000934600745,-0.010927700272202492,1035.506788478103,1048.5432204781032,0.3525664960019913,-0.6700000166893005,16.31,23.18,15.75,long_nclose_partial,1.0023248729150802
1763660,1611222872000.0,0.37520000934600745,-0.010927700272202492,1035.871060787177,1048.710764787177,0.3422554345041597,-0.6700000166893005,16.31,22.51,15.75,long_nclose_partial,1.0023327117640641
1763670,1611222882000.0,10.477600259184813,-0.3051601075487584,1046.043500938813,1048.195440938813,0.057215593755216926,-18.710000462830067,16.31,3.8,15.75,long_nclose_partial,1.002308564243384
1763679,1611222891000.0,2.1321799999999986,-0.06198217999999999,1048.113698758813,1048.113698758813,0.0,-3.8,16.3111,0.0,15.75,long_nclose_full,1.0023047231819113
1807285,1611266497000.0,0.0,-0.368254048,1047.745444710813,1047.416068710813,0.35147282181851086,23.36,15.7643,23.36,15.7643,long_ientry_full,1.002217150608013
1811027,1611270239000.0,6.354845000000011,-0.1773975,1053.922892210813,1061.5690042108129,0.1871212727776601,-10.85,16.35,12.51,15.7643,long_sclose_full,1.0028545085533127
1811030,1611270242000.0,0.3801220000000007,-0.010153988000000001,1054.292860222813,1061.6444472228131,0.17778506719697143,-0.62,16.3774,11.89,15.7643,long_sclose_full,1.0028579038431165
1811033,1611270245000.0,7.677372999999997,-0.1951149,1061.7751183228131,1061.7751183228131,0.0,-11.89,16.41,0.0,15.7643,long_nclose_full,1.0028637875629138
1814104,1611273316000.0,0.0,-0.38536630000000005,1061.3897520228131,1061.284273022813,0.36307708762550506,24.53,15.71,24.53,15.71,long_ientry_full,1.0028368475986953
1822411,1611281623000.0,2.314999999999987,-0.08086499999999999,1063.623887022813,1072.732679022813,0.28846315294667624,-5.0,16.173,19.53,15.71,long_sclose_partial,1.003334149315318
1822415,1611281627000.0,3.220000000000006,-0.11319000000000001,1066.730697022813,1072.520810022813,0.18453232905867176,-7.0,16.17,12.53,15.71,long_sclose_full,1.003324746292097
1822920,1611282132000.0,0.2852000000000005,-0.010025400000000002,1067.005871622813,1072.6440656228128,0.17535620466214466,-0.62,16.17,11.91,15.71,long_sclose_full,1.003329288391073
1828305,1611287517000.0,0.3989999932050707,-0.011395999805927277,1067.393475616212,1073.7932646162121,0.164989859899913,-0.699999988079071,16.28,11.21,15.71,long_nclose_partial,1.003370237990182
1828308,1611287520000.0,6.520856999999976,-0.18262995699999998,1073.731702659212,1073.731702659212,0.0,-11.21,16.2917,0.0,15.71,long_nclose_full,1.0033675139516505
2158398,1611617610000.0,0.0,-0.39164399999999994,1073.340058659212,1072.584094659212,0.364883427987614,22.77,17.2,22.77,17.2,long_ientry_full,1.0028088489013962
2243984,1611703196000.0,-0.8732520000000006,-0.19623874800000002,1072.270567911212,1071.4347589112122,0.1814206281712546,-11.46,17.1238,11.31,17.2,long_sclose_full,1.0026601833443063
2319424,1611778636000.0,0.0,-0.34831633,1071.922251581212,1055.205793581212,0.5064250967821916,22.03,15.811,33.34,16.282193461307738,long_rentry_full,1.0020036974875226
2369170,1611828382000.0,9.1019979394121,-0.3476088,1080.6766407206242,1086.223822781212,0.18908665204713937,-20.79,16.72,12.55,16.282193461307738,long_sclose_full,1.003020761794369
2369173,1611828385000.0,0.26268392321535644,-0.010032,1080.9292926438395,1086.2961157812122,0.18000456938929305,-0.6,16.72,11.95,16.282193461307738,long_sclose_full,1.003023192352016
2372423,1611831635000.0,4.887502592089555,-0.12586420024737718,1085.6909310356816,1088.6845565905705,0.06778680040636005,-7.430000014603138,16.94,4.52,16.282193461307738,long_nclose_partial,1.0030992747280392
2372427,1611831639000.0,3.01848555488902,-0.07661399999999999,1088.6328025905707,1088.6328025905707,0.0,-4.52,16.95,0.0,16.282193461307738,long_nclose_full,1.0030975328272462
2431481,1611890693000.0,0.0,-0.33891439999999995,1088.2938881905707,1087.9736221905707,0.31141808630708107,20.27,16.72,20.27,16.72,long_ientry_full,1.0030006011536095
2451546,1611910758000.0,0.33600000000002267,-0.14078400000000002,1088.4891041905707,1089.1929951905709,0.18233200427631732,-8.4,16.76,11.87,16.72,long_sclose_full,1.0030156015082923
2451560,1611910772000.0,0.02400000000000162,-0.010056,1088.5030481905708,1089.4012671905707,0.17311334158708727,-0.6,16.76,11.27,16.72,long_sclose_full,1.0030223429880623
2461012,1611920224000.0,5.650778000000003,-0.194085178,1093.9597410125707,1093.9597410125707,0.0,-11.27,17.2214,0.0,16.72,long_nclose_full,1.0031577665905242
2485906,1611945118000.0,0.0,-0.34076786600000003,1093.6189731465706,1093.5619091465705,0.3115965197819672,20.38,16.7207,20.38,16.7207,long_ientry_full,1.0031134140049687
2496988,1611956200000.0,1.0033129999999921,-0.1416244,1094.4806617465706,1096.0427467465706,0.18286917804523478,-8.41,16.84,11.97,16.7207,long_sclose_full,1.0031782288875044
2497029,1611956241000.0,0.08183999999999898,-0.01011426,1094.5523874865705,1096.1180364865704,0.17369142050529088,-0.6,16.8571,11.37,16.7207,long_sclose_full,1.0031805609264948
2501026,1611960238000.0,3.6361599802970868,-0.150778319182992,1098.0377691476847,1099.1053471476846,0.039135447074243844,-8.799999952316284,17.1339,2.57,16.7207,long_nclose_partial,1.0032697944300482
2501031,1611960243000.0,0.01637199963405721,-0.0006851999846845865,1098.053455947334,1099.104670947334,0.038525784670021566,-0.03999999910593033,17.13,2.53,16.7207,long_nclose_partial,1.0032697665594652
2501033,1611960245000.0,0.6609600098490716,-0.027414080408501625,1098.6870018767745,1099.0793688767744,0.014153485909487507,-1.600000023841858,17.1338,0.93,16.7207,long_nclose_partial,1.003268966067259
2501095,1611960307000.0,0.38064899999999835,-0.0159309,1099.0517199767744,1099.0517199767744,0.0,-0.93,17.13,0.0,16.7207,long_nclose_full,1.0032680130235874
2507864,1611967076000.0,0.0,-0.01940935144150257,1099.032310625333,1099.0313831838303,0.01766040111273793,1.159999966621399,16.7322,1.16,16.7321995185367,long_ientry_partial,1.0032585383649846
2525997,1611985209000.0,0.0,-0.40491360000000004,1098.6273970253328,1098.2422175838303,0.38623008363928346,24.57,16.48,25.73,16.491370052137682,long_rentry_full,1.003210460379005
2566725,1612025937000.0,0.24862994786231596,-0.016739999999999998,1098.8592869731951,1105.0177975838303,0.3711408605488841,-1.0,16.74,24.73,16.491370052137682,long_sclose_partial,1.0033671493113125
2566729,1612025941000.0,1.5107848755466884,-0.10111865936136245,1100.2689531893805,1104.9980829149272,0.2801348755511065,-6.039999961853027,16.7415,18.69,16.491370052137682,long_sclose_partial,1.0033665414711612
2566731,1612025943000.0,1.6546288642333276,-0.10785905200000001,1101.8157230016138,1104.9937398629272,0.1833512436982992,-6.44,16.7483,12.25,16.491370052137682,long_sclose_full,1.003366406095738
2566733,1612025945000.0,0.1500779687173896,-0.010044899999999999,1101.9557560703313,1104.9687949629272,0.17434861613004893,-0.6,16.7415,11.65,16.491370052137682,long_sclose_full,1.0033656410043152
2593966,1612053178000.0,6.62220889259599,-0.19874667,1108.3792182929274,1108.3792182929274,0.0,-11.65,17.0598,0.0,16.491370052137682,long_nclose_full,1.0034332399884163
2611034,1612070246000.0,0.0,-0.34112000000000003,1108.0380982929273,1108.0032482929273,0.30785945043364343,20.5,16.64,20.5,16.64,long_ientry_full,1.003399494495593
2624692,1612083904000.0,0.8319999999999823,-0.13927679999999998,1108.7308214929274,1109.9658734929274,0.18279928371351123,-8.32,16.74,12.18,16.64,long_sclose_full,1.003440230426046
2624729,1612083941000.0,0.05999999999999872,-0.010043999999999999,1108.7807774929274,1109.9885714929273,0.17378656260229866,-0.6,16.74,11.58,16.64,long_sclose_full,1.003440857298757
2796224,1612255436000.0,1.6051339596152225,-0.06783233229335546,1110.3180791202492,1113.3960791202492,0.11389889291922783,-3.9799998998641968,17.0433,7.6,16.64,long_nclose_partial,1.0033245060002791
2796342,1612255554000.0,2.964000000000004,-0.129428,1113.1526511202492,1113.1526511202492,0.0,-7.6,17.03,0.0,16.64,long_nclose_full,1.003317587009985
3213238,1612672450000.0,0.0,-0.415152225,1112.7374988952492,1112.0377738952493,0.3730908910791381,21.53,19.2825,21.53,19.2825,long_ientry_full,1.002859510510165
3225058,1612684270000.0,16.156112000000057,-0.43130833700000004,1128.4623025582493,1128.4623025582493,0.0,-21.53,20.0329,0.0,19.2825,long_nclose_full,1.0032430031593351
3251858,1612711070000.0,0.0,-0.38139839999999997,1128.0809041582493,1127.3921041582494,0.33809489957157957,19.68,19.38,19.68,19.38,long_ientry_full,1.0031909428714971
3279333,1612738545000.0,3.647566999999995,-0.175935767,1131.5525353912492,1136.1145473912493,0.18479937383348918,-8.89,19.7903,10.79,19.38,long_sclose_full,1.0033678857890191
3279335,1612738547000.0,0.21618899999999985,-0.010099988999999998,1131.758624402249,1136.166688402249,0.17603258831380553,-0.51,19.8039,10.28,19.38,long_sclose_full,1.0033690969409907
3284168,1612743380000.0,5.3240120000000095,-0.204550412,1136.878085990249,1136.878085990249,0.0,-10.28,19.8979,0.0,19.38,long_nclose_full,1.003380653477714
3292740,1612751952000.0,0.0,-0.19867567022994165,1136.679410320019,1136.6299700900774,0.17478602007403898,10.300000011920929,19.2889,10.3,19.28890002232443,long_ientry_partial,1.0033660912695594
3305312,1612764524000.0,0.5158889828684095,-0.019611900188922882,1137.1756874026985,1142.064368194858,0.1579172516587997,-0.9900000095367432,19.81,9.31,19.28890002232443,long_nclose_partial,1.0034783727302483
3305325,1612764537000.0,0.36497997815732786,-0.013867209763842822,1137.526800171092,1142.1641459788787,0.14599869573818758,-0.699999988079071,19.8103,8.61,19.28890002232443,long_nclose_partial,1.0034806505919447
3305425,1612764637000.0,0.5417219670991533,-0.0202163996219635,1138.048305738569,1142.1309665691267,0.12864370557138183,-1.0199999809265137,19.82,7.59,19.28890002232443,long_nclose_partial,1.0034797831310935
3305458,1612764670000.0,3.9764008305575693,-0.15037915200000002,1141.8743274171266,1141.8743274171266,0.0,-7.59,19.8128,0.0,19.28890002232443,long_nclose_full,1.0034738538538717
3893771,1613352983000.0,0.0,-0.423755028,1141.4505723891266,1141.0775313891265,0.37124255596372824,16.29,26.0132,16.29,26.0132,long_ientry_full,1.0029326790322484
3919174,1613378386000.0,6.414239999999981,-0.21582050000000003,1147.6489918891266,1154.2418158891267,0.1867720614185039,-8.05,26.81,8.24,26.0132,long_sclose_full,1.0031672876955497
3919184,1613378396000.0,0.30559599999999926,-0.010190612,1147.9443972771267,1154.3164992771267,0.17811294038716421,-0.38,26.8174,7.86,26.0132,long_sclose_full,1.003168710486873
3919949,1613379161000.0,7.284648000000001,-0.21174840000000003,1155.0172968771267,1155.0172968771267,0.0,-7.86,26.94,0.0,26.0132,long_nclose_full,1.0031815109105777
4537219,1613996431000.0,0.0,-0.47849119500000004,1154.5388056821266,1154.0965456821266,0.4144435792414071,13.65,35.0543,13.65,35.0543,long_ientry_full,1.0027328574008196
4565260,1614024472000.0,22.01472,-0.500505915,1176.0530197671267,1176.0530197671267,0.0,-13.65,36.6671,0.0,35.0543,long_nclose_full,1.003073753948331
4588888,1614048100000.0,0.0,-0.1593454690902472,1175.8936742980363,1175.8533562077891,0.13551009974211345,4.530000030994415,35.1756,4.53,35.175600240672665,long_ientry_partial,1.0030546965718585
4616711,1614075923000.0,0.0,-0.2745789024162293,1175.6190953956202,1159.5697638891438,0.36910286095723194,8.670000076293945,31.67,13.2,32.87305844746034,long_rentry_partial,1.0027745237257726
4630654,1614089866000.0,10.966078858626865,-0.21971000000000002,1186.3654642542472,1198.2655688891439,0.1898069837245746,-6.35,34.6,6.85,32.87305844746034,long_sclose_full,1.0033805188198255
4630656,1614089868000.0,0.5084400502365022,-0.010041627000000001,1186.8638626774837,1198.565863262144,0.18169502855100358,-0.29,34.6263,6.56,32.87305844746034,long_sclose_full,1.0033852084887571
4637082,1614096294000.0,15.789536584660192,-0.2314368,1202.421962462144,1202.421962462144,0.0,-6.56,35.28,0.0,32.87305844746034,long_nclose_full,1.0034405626071004
4638041,1614097253000.0,0.0,-0.35453840000000003,1202.067424062144,1202.049608062144,0.29494052738065984,10.48,33.83,10.48,33.83,long_ientry_full,1.0034340605517442
4665404,1614124616000.0,2.245800000000001,-0.13553600000000002,1204.177688062144,1207.993778062144,0.1837338477480427,-3.94,34.4,6.54,33.83,long_sclose_full,1.003505553972839
4665483,1614124695000.0,0.1795800000000014,-0.01032858,1204.3469394821439,1208.0921874821438,0.17528105322438928,-0.3,34.4286,6.24,33.83,long_sclose_full,1.0035070083900075
4671911,1614131123000.0,2.6520000743866006,-0.0601630016875267,1206.938776554843,1214.021630554843,0.12725434212861336,-1.7000000476837158,35.39,4.54,33.83,long_nclose_partial,1.0035930419687096
4671913,1614131125000.0,7.1645739999999964,-0.160752774,1213.9425977808428,1213.9425977808428,0.0,-4.54,35.4081,0.0,33.83,long_nclose_full,1.0035918321374375
4688108,1614147320000.0,0.0,-0.3451932,1213.5974045808427,1212.7179765808428,0.2844379847031926,10.12,34.11,10.12,34.11,long_ientry_full,1.0035607345070816
4688650,1614147862000.0,5.400031999999998,-0.350593232,1218.6468433488428,1218.6468433488428,0.0,-10.12,34.6436,0.0,34.11,long_nclose_full,1.0036505169280725
4688973,1614148185000.0,0.0,-0.3484673000000001,1218.2983760488428,1217.9001860488427,0.2860278785974756,10.21,34.13,10.21,34.13,long_ientry_full,1.0036389307615543
4689985,1614149197000.0,5.6154999999999715,-0.35408280000000003,1223.5597932488427,1223.5597932488427,0.0,-10.21,34.68,0.0,34.13,long_nclose_full,1.0037238687265964
4691687,1614150899000.0,0.0,-0.353647924,1223.2061453248427,1223.1833533248428,0.28911555533927025,10.36,34.1359,10.36,34.1359,long_ientry_full,1.0037168276393988
4692044,1614151256000.0,5.947676000000014,-0.3595956,1228.7942257248428,1228.7942257248428,0.0,-10.36,34.71,0.0,34.1359,long_nclose_full,1.0038011356153271
4716684,1614175896000.0,0.0,-0.1067974767145157,1228.6874282481283,1228.6843315336125,0.08691997188152917,3.0999999046325684,34.4508,3.1,34.45079894016635,long_ientry_partial,1.0037795964655016
4748595,1614207807000.0,0.0,-0.03631166078703403,1228.6511165873412,1223.9361790857915,0.116476626740913,1.100000023841858,33.0106,4.2,34.07360416703565,long_rentry_partial,1.003683438849366
4842359,1614301571000.0,0.0,-0.478786,1228.1723305873413,1215.3824730857916,0.5063582056144716,15.4,31.09,19.6,31.729343750079067,long_rentry_full,1.0034864088695625
4899738,1614358950000.0,21.154196249060657,-0.3980988,1248.928428036402,1262.6766382857916,0.19612855969315074,-11.88,33.51,7.72,31.729343750079067,long_sclose_full,1.0041212192635816
4899745,1614358957000.0,0.9259412499588839,-0.017425200000000002,1249.836944086361,1262.6900690857917,0.18278486332276622,-0.52,33.51,7.2,31.729343750079067,long_sclose_full,1.0041214016999338
4899759,1614358971000.0,0.5350668749762804,-0.01005387,1250.3619570913372,1263.0576552157916,0.17509527591901364,-0.3,33.5129,6.9,31.729343750079067,long_sclose_full,1.0041265436752345
4930789,1614390001000.0,14.425528124454438,-0.233358,1264.5541272157916,1264.5541272157916,0.0,-6.9,33.82,0.0,31.729343750079067,long_nclose_full,1.0041213554525128
4935214,1614394426000.0,0.0,-0.26487,1264.2892572157916,1263.4865472157917,0.20950110782661774,8.1,32.7,8.1,32.7,long_ientry_full,1.004102805683327
4938525,1614397737000.0,0.6656000000000006,-0.034673600000000006,1264.9201836157915,1269.5550736157916,0.18251112045668988,-1.04,33.34,7.06,32.7,long_sclose_full,1.0041842244121604
4938536,1614397748000.0,0.20360999999999976,-0.010013610000000001,1265.1137800057916,1269.7281560057916,0.17472894809428766,-0.3,33.3787,6.76,32.7,long_sclose_full,1.0041866100488088
4948264,1614407476000.0,7.233200000000002,-0.22828520000000002,1272.1186948057916,1272.1186948057916,0.0,-6.76,33.77,0.0,32.7,long_nclose_full,1.004211342606433
5007571,1614466783000.0,0.0,-0.396741555,1271.7219532507916,1271.6461132507916,0.3119719322182371,11.85,33.4803,11.85,33.4803,long_ientry_full,1.004154924557989
5082975,1614542187000.0,-1.7942940000000116,-0.16493760000000002,1269.7627216507915,1267.3582216507914,0.18114381299599766,-4.98,33.12,6.87,33.4803,long_sclose_full,1.0040355160079766
5090834,1614550046000.0,4.5348869999999994,-0.234544548,1274.0630641027915,1274.0630641027915,0.0,-6.87,34.1404,0.0,33.4803,long_nclose_full,1.0041191889154273
5404179,1614863391000.0,0.0,-0.470405488,1273.5926586147914,1273.5780506147914,0.36935317176814697,13.28,35.4221,13.28,35.4221,long_ientry_full,1.003873776499798
5626922,1615086134000.0,-7.268956000000022,-0.238560418,1266.0851421967914,1259.4788621967914,0.17737836620555922,-6.94,34.3747,6.34,35.4221,long_sclose_full,1.0035485928332548
5704312,1615163524000.0,0.8121539999999767,-0.22538826799999997,1266.6719079287914,1266.6719079287914,0.0,-6.34,35.5502,0.0,35.4221,long_nclose_full,1.003586927995303
5728056,1615187268000.0,0.0,-0.3950178,1266.2768901287914,1266.2722781287914,0.31195215128645615,11.53,34.26,11.53,34.26,long_ientry_full,1.0035672563273745
5755607,1615214819000.0,0.6175760000000212,-0.16438037600000002,1266.7300857527914,1268.0335107527915,0.18256059645300834,-4.78,34.3892,6.75,34.26,long_sclose_full,1.0035710891787115
5755609,1615214821000.0,0.04740000000000037,-0.0103254,1266.7671603527915,1267.9391253527915,0.17444168661465653,-0.3,34.418,6.45,34.26,long_sclose_full,1.003569966535437
5788769,1615247981000.0,4.708500000000026,-0.2256855,1271.2499748527916,1271.2499748527916,0.0,-6.45,34.99,0.0,34.26,long_nclose_full,1.0035885418694104
5990721,1615449933000.0,0.0,-0.46097459999999996,1270.7890002527915,1270.5985782527916,0.3627467659133819,12.78,36.07,12.78,36.07,long_ientry_full,1.0034599421911727
6008523,1615467735000.0,14.696999999999981,-0.47567159999999997,1285.0103286527915,1285.0103286527915,0.0,-12.78,37.22,0.0,36.07,long_nclose_full,1.0036124282285714
6017621,1615476833000.0,0.0,-0.4225707,1284.5877579527914,1284.4838949527914,0.3289543259180969,11.67,36.21,11.67,36.21,long_ientry_full,1.0036010523637389
6028326,1615487538000.0,4.724399999999998,-0.1886712,1289.1234867527915,1295.3741017527914,0.1851055406655233,-5.08,37.14,6.59,36.21,long_sclose_full,1.0037160897655144
6028331,1615487543000.0,0.25566299999999986,-0.010032363,1289.3691173897914,1295.4369493897914,0.17748773172362,-0.27,37.1569,6.32,36.21,long_sclose_full,1.0037167846060473
6028461,1615487673000.0,2.9295000000000044,-0.11155950000000002,1292.1870578897915,1295.4320258897915,0.09303389881982019,-3.0,37.1865,3.32,36.21,long_nclose_partial,1.0037166496336387
6028476,1615487688000.0,3.2572519999999927,-0.12347445199999998,1295.3208354377914,1295.3208354377914,0.0,-3.32,37.1911,0.0,36.21,long_nclose_full,1.0037154055916346
6084509,1615543721000.0,0.0,-0.19904655103847385,1295.121788886753,1295.109661848279,0.1536894466192003,5.510000139474869,36.1246,5.51,36.12460091442357,long_ientry_partial,1.00367880335532
6171105,1615630317000.0,3.601330961526135,-0.20264788199999997,1298.520471966279,1298.520471966279,0.0,-5.51,36.7782,0.0,36.12460091442357,long_nclose_full,1.0036640452687104
6262001,1615721213000.0,0.0,-0.41617182,1298.104300146279,1297.919620146279,0.3205996775090438,11.4,36.5063,11.4,36.5063,long_ientry_full,1.0036043550583185
6265836,1615725048000.0,3.4481369999999774,-0.179773566,1301.3726635802789,1306.0938655802788,0.18430261962022873,-4.83,37.2202,6.57,36.5063,long_sclose_full,1.0036890312794426
6265841,1615725053000.0,0.195533999999999,-0.010052235,1301.558145345279,1306.1388753452788,0.1767033542239391,-0.27,37.2305,6.3,36.5063,long_sclose_full,1.0036895052645203
6304526,1615763738000.0,5.5187999999999855,-0.23550849,1306.841436855279,1306.841436855279,0.0,-6.3,37.3823,0.0,36.5063,long_nclose_full,1.0036742213290293
6307185,1615766397000.0,0.0,-0.41685667199999993,1306.424580183279,1306.414293183279,0.31908207968769153,11.43,36.4704,11.43,36.4704,long_ientry_full,1.003668174896673
6308445,1615767657000.0,2.466463999999995,-0.17898319999999998,1308.712060983279,1312.1671979832788,0.18364615347047739,-4.84,36.98,6.59,36.4704,long_sclose_full,1.003727842177884
6308451,1615767663000.0,0.14327600000000132,-0.010354988000000002,1308.8449819952789,1312.2031639952788,0.1758254240690744,-0.28,36.9821,6.31,36.4704,long_sclose_full,1.0037282154199192
6312486,1615771698000.0,5.105400000000017,-0.22392779999999998,1313.7264541952788,1313.9902951952788,0.008605919416401922,-6.0,37.3213,0.31,36.4704,long_nclose_partial,1.0037445257504098
6312495,1615771707000.0,0.2633760000000007,-0.0115692,1313.9782609952788,1313.9782609952788,0.0,-0.31,37.32,0.0,36.4704,long_nclose_full,1.0037443945778595
6332660,1615791872000.0,0.0,-0.41808619999999996,1313.5601747952787,1313.4356967952788,0.3182847714343651,11.42,36.61,11.42,36.61,long_ientry_full,1.003726793293445
6483625,1615942837000.0,-4.349999999999987,-0.17870000000000003,1309.0314747952787,1303.4557047952787,0.17954969343785843,-5.0,35.74,6.42,36.61,long_sclose_full,1.0035378541479145
6569071,1616028283000.0,0.39212299314737536,-0.07031722177115679,1309.3532805666548,1310.2868505666547,0.1261012611726486,-1.909999966621399,36.8153,4.51,36.61,long_nclose_partial,1.003560748144879
6569112,1616028324000.0,0.9159809999999962,-0.166027081,1310.1032344856549,1310.1032344856549,0.0,-4.51,36.8131,0.0,36.61,long_nclose_full,1.0035588760801886
6637663,1616096875000.0,0.0,-0.41351180000000004,1309.689722685655,1309.5312136856548,0.3157326447916619,11.57,35.74,11.57,35.74,long_ientry_full,1.0035163522486543
6677339,1616136551000.0,0.1955999999999958,-0.17496420000000001,1309.710358485655,1309.993590485655,0.18228702128923027,-4.89,35.78,6.68,35.74,long_sclose_full,1.003500005852176
6677346,1616136558000.0,0.012207999999999403,-0.010019408,1309.712547077655,1309.994147077655,0.17464595609958516,-0.28,35.7836,6.4,35.74,long_sclose_full,1.0035000076935316
6679360,1616138572000.0,5.503999999999997,-0.23424,1314.982307077655,1314.982307077655,0.0,-6.4,36.6,0.0,35.74,long_nclose_full,1.0035482851472528
6822562,1616281774000.0,0.0,-0.45681209999999994,1314.525494977655,1314.197885977655,0.34751102336570894,12.27,37.23,12.27,37.23,long_ientry_full,1.003466096500571
6892829,1616352041000.0,0.7566000000000149,-0.21743520000000002,1315.064659777655,1316.065054777655,0.18260204790280096,-5.82,37.36,6.45,37.23,long_sclose_full,1.0034485593710551
6892833,1616352045000.0,0.04382100000000051,-0.010095921,1315.098384856655,1316.113758856655,0.17495375452466905,-0.27,37.3923,6.18,37.23,long_sclose_full,1.003449022835771
7167946,1616627158000.0,0.0,-0.435691,1314.662693856655,1267.478803856655,0.5064206987169537,14.65,29.74,20.83,31.96218915026404,long_rentry_full,1.002861161680152
7544113,1617003325000.0,14.032759961593827,-0.426345,1328.269108818249,1336.901792856655,0.19081988602979363,-12.9,33.05,7.93,31.96218915026404,long_sclose_full,1.0033308641219683
7544125,1617003337000.0,0.38101379740758623,-0.011567780000000001,1328.6385548356566,1337.103223076655,0.18234710476918908,-0.35,33.0508,7.58,31.96218915026404,long_sclose_full,1.0033325899933128
7544143,1617003355000.0,0.34717236341814617,-0.010255450999999999,1328.9754717480748,1337.128128625655,0.17484530005416649,-0.31,33.0821,7.27,31.96218915026404,long_sclose_full,1.0033327960592928
7544583,1617003795000.0,10.016684877580442,-0.2423818,1338.7497748256553,1338.7497748256553,0.0,-7.27,33.34,0.0,31.96218915026404,long_nclose_full,1.003346528005696
7718754,1617177966000.0,0.0,-0.42721880000000007,1338.3225560256553,1338.0972350256552,0.3192196067207361,12.73,33.56,12.73,33.56,long_ientry_full,1.003265416240406
7722694,1617181906000.0,2.8847560000000048,-0.183437556,1341.0238744696553,1345.0582894696554,0.1839385597050245,-5.38,34.0962,7.35,33.56,long_sclose_full,1.0033219890920293
7722734,1617181946000.0,0.1744199999999985,-0.010242419999999999,1341.1880520496552,1345.3130070496552,0.17640926612671642,-0.3,34.1414,7.05,33.56,long_sclose_full,1.003324097352478
7725877,1617185089000.0,5.710499999999966,-0.24230849999999998,1346.656243549655,1346.656243549655,0.0,-7.05,34.37,0.0,33.56,long_nclose_full,1.0033339403266617
8260267,1617719479000.0,0.0,-0.4888409760000001,1346.1674025736552,1346.0374215736551,0.36313535379434597,11.71,41.7456,11.71,41.7456,long_ientry_full,1.003113095811313
8268371,1617727583000.0,17.26522399999995,-0.5061062000000001,1362.9265203736552,1362.9265203736552,0.0,-11.71,43.22,0.0,41.7456,long_nclose_full,1.0032407500786866
8320609,1617779821000.0,0.0,-0.48138036400000006,1362.4451400096552,1362.3711560096554,0.3533209153629398,11.56,41.6419,11.56,41.6419,long_ientry_full,1.0032161257619547
8398828,1617858040000.0,-1.5221820180892822,-0.13214831857042314,1360.7908096729955,1356.8646396729955,0.25552043894502513,-3.2100000381469727,41.1677,8.35,41.6419,long_sclose_partial,1.0031443306739702
8398832,1617858044000.0,-1.1369159999999983,-0.099636482,1359.5542571909955,1356.8424681909955,0.18163046137651084,-2.42,41.1721,5.93,41.6419,long_sclose_full,1.0031441605498792
8568956,1618028168000.0,0.360750989097356,-0.02992649909555912,1359.8850816809972,1362.5483256809973,0.15984491699203077,-0.7099999785423279,42.15,5.22,41.6419,long_nclose_partial,1.0031240852947003
8568964,1618028176000.0,1.009003972578056,-0.08137786878837348,1360.8127077847869,1362.5350227847869,0.10067649296354667,-1.9299999475479126,42.1647,3.29,41.6419,long_nclose_partial,1.0031239836236423
8568967,1618028179000.0,0.3422900031387819,-0.02740952525134385,1361.1275882626744,1362.5233562626745,0.08076731156431788,-0.6500000059604645,42.1685,2.64,41.6419,long_nclose_partial,1.003123895924724
8568975,1618028187000.0,0.5198230153322201,-0.040912467206716534,1361.6064988107998,1362.5111378108,0.05107347318093486,-0.9700000286102295,42.1778,1.67,41.6419,long_nclose_partial,1.0031238023023847
8568979,1618028191000.0,0.9064759999999995,-0.070448449,1362.4425263617998,1362.4425263617998,0.0,-1.67,42.1847,0.0,41.6419,long_nclose_full,1.003123291503361
8608702,1618067914000.0,0.0,-0.431779177,1362.0107471847998,1361.9539931847999,0.31701598382572493,10.51,41.0827,10.51,41.0827,long_ientry_full,1.0031052467880042
8611516,1618070728000.0,1.8043389999999968,-0.1838007,1363.6312854847997,1366.1125334847998,0.18317474720536128,-4.43,41.49,6.08,41.0827,long_sclose_full,1.0031349138825112
8611556,1618070768000.0,0.10182499999999983,-0.010372500000000002,1363.7227379847998,1366.1649249847999,0.1756311120498965,-0.25,41.49,5.83,41.0827,long_sclose_full,1.003135285271851
8753448,1618212660000.0,3.7737589999999663,-0.2432859,1367.2532110847997,1367.2532110847997,0.0,-5.83,41.73,0.0,41.0827,long_nclose_full,1.0030922683935775
8760715,1618219927000.0,0.0,-0.407592542951265,1366.8456185418484,1366.7708435905834,0.2981993997142742,9.969999998807907,40.8819,9.97,40.88189999511184,long_ientry_partial,1.0030862086517571
8842887,1618302099000.0,0.07022801896606637,-0.15869199999999997,1366.7571545608143,1366.9343735905832,0.18216167381266343,-3.88,40.9,6.09,40.88189999511184,long_sclose_full,1.0030586589681794
8842893,1618302105000.0,0.007275001222041055,-0.01022775,1366.7542018120364,1366.9539298405832,0.17468414997731052,-0.25,40.911,5.84,40.88189999511184,long_sclose_full,1.0030587971001765
8865782,1618324994000.0,4.310504028546856,-0.24306079999999997,1370.8216450405832,1370.8216450405832,0.0,-5.84,41.62,0.0,40.88189999511184,long_nclose_full,1.0030785073905422
8947857,1618407069000.0,0.0,-0.3447280504951179,1370.476916990088,1370.4038764949703,0.25153874992088693,8.300000011920929,41.5335,8.3,41.53350005965275,long_ientry_partial,1.0030472743452947
8976874,1618436086000.0,1.0151918651847829,-0.09488090199999999,1371.397227953273,1374.1399915929703,0.1829246371853175,-2.26,41.9827,6.04,41.53350005965275,long_sclose_full,1.0030636933584898
8976885,1618436097000.0,0.11099998568334,-0.010079040000000001,1371.4981488989563,1374.1812285529704,0.17564318299618326,-0.24,41.996,5.8,41.53350005965275,long_sclose_full,1.0030639793101317
8981583,1618440795000.0,5.965299654014023,-0.24685959999999998,1377.2165889529704,1377.2165889529704,0.0,-5.8,42.562,0.0,41.53350005965275,long_nclose_full,1.0030836644166232
9025486,1618484698000.0,0.0,-0.45031140000000003,1376.7662775529705,1376.6579775529706,0.32707904554458733,10.83,41.58,10.83,41.58,long_ientry_full,1.003064745896035
9034777,1618493989000.0,3.162400000000008,-0.19942,1379.7292575529705,1383.8791695529706,0.18413308162398404,-4.72,42.25,6.11,41.58,long_sclose_full,1.0031117752386252
9034779,1618493991000.0,0.16080000000000041,-0.01014,1379.8799175529705,1383.8674085529706,0.1768810437018557,-0.24,42.25,5.87,41.58,long_sclose_full,1.0031116930232162
9036179,1618495391000.0,4.331688023006925,-0.17231488891521693,1384.0392906870622,1386.0425916870622,0.054977774483719204,-4.040000021457672,42.6522,1.83,41.58,long_nclose_partial,1.0031262742128224
9036181,1618495393000.0,2.0033010000000058,-0.078094701,1385.9644969860622,1385.9644969860622,0.0,-1.83,42.6747,0.0,41.58,long_nclose_full,1.0031257330872005
9089901,1618549113000.0,0.0,-0.454842064,1385.509654922062,1385.4055909220622,0.32828501943971355,10.84,41.9596,10.84,41.9596,long_ientry_full,1.003103386087084
9101347,1618560559000.0,3.8331920000000066,-0.20230210000000004,1389.140544822062,1394.128748822062,0.18455523233816448,-4.73,42.77,6.11,41.9596,long_sclose_full,1.0031592492230679
9101350,1618560562000.0,0.19605599999999923,-0.010266359999999999,1389.326334462062,1394.211935462062,0.17728221648902007,-0.24,42.7765,5.87,41.9596,long_sclose_full,1.0031598163989675
9102441,1618561653000.0,6.846180999999998,-0.253149033,1395.919366429062,1395.919366429062,0.0,-5.87,43.1259,0.0,41.9596,long_nclose_full,1.0031710911232623
9106091,1618565303000.0,0.0,-0.464561209,1395.4548052200619,1395.384938220062,0.33291025066679897,11.09,41.8901,11.09,41.8901,long_ientry_full,1.0031661732915673
9129589,1618588801000.0,1.4466010000000147,-0.21047820000000003,1396.6909280200618,1398.4788380200619,0.1829535832685881,-4.99,42.18,6.1,41.8901,long_sclose_full,1.0031790377790124
9129592,1618588804000.0,0.0695760000000007,-0.010123199999999999,1396.7503808200618,1398.474392820062,0.17574792845653342,-0.24,42.18,5.86,41.8901,long_sclose_full,1.0031790065556572
9162173,1618621385000.0,6.035214000000029,-0.25151120000000005,1402.534083620062,1402.534083620062,0.0,-5.86,42.92,0.0,41.8901,long_nclose_full,1.0031951062937388
9216199,1618675411000.0,0.0,-0.3789665935823322,1402.1551170264795,1402.0871794441473,0.27027437191542586,8.939999848604202,42.39,8.94,42.38999928214007,long_ientry_partial,1.0031733494917259
9216459,1618675671000.0,0.869088641723892,-0.0381722884395361,1402.986033379764,1410.969469165715,0.24352586988409924,-0.8800000101327896,43.3776,8.06,42.38999928214007,long_nclose_partial,1.0032326502413969
9216463,1618675675000.0,4.5498632078277,-0.19954385586304665,1407.3363527317285,1410.7634852155238,0.10421772821508525,-4.599999904632568,43.3791,3.46,42.38999928214007,long_nclose_partial,1.0032312757484092
9216465,1618675677000.0,3.425402483795376,-0.15009480000000003,1410.6116604155238,1410.6116604155238,0.0,-3.46,43.38,0.0,42.38999928214007,long_nclose_full,1.003230262855981
9222931,1618682143000.0,0.0,-0.45803550000000004,1410.1536249155238,1410.0932009155238,0.3248124827728886,10.79,42.45,10.79,42.45,long_ientry_full,1.0032245396731263
9223873,1618683085000.0,11.038169999999958,-0.46907366999999994,1420.7227212455236,1420.7227212455236,0.0,-10.79,43.473,0.0,42.45,long_nclose_full,1.0032947843278357
9243676,1618702888000.0,0.0,-0.4634680000000001,1420.2592532455237,1420.1905832455236,0.32632633720984405,10.9,42.52,10.9,42.52,long_ientry_full,1.0032842011273175
9434114,1618893326000.0,0.0,-0.25542627,1420.0038269755237,1321.0515219755237,0.5062622060189641,7.59,33.653,18.49,38.88016603569498,long_rentry_full,1.0025531680262865
9957043,1619416255000.0,-85.98833280151446,-0.460278,1333.5552161740093,1306.3949989755235,0.1294494109465958,-14.05,32.76,4.44,38.88016603569498,long_sclose_full,1.0023218791254993
10141178,1619600390000.0,0.0,-0.16554000320675968,1333.3896761708024,1307.704615765557,0.2536152382523227,5.000000096857548,33.108,9.44,35.822875042928544,long_rentry_partial,1.0022882283257026
10149408,1619608620000.0,-5.789107621058485,-0.09523140000000001,1327.505337149744,1313.948404365557,0.17864141570485942,-2.82,33.77,6.62,35.822875042928544,long_sclose_full,1.002327012939947
10279132,1619738344000.0,-1.8229827841869655,-0.23532445000000002,1325.447029915557,1325.447029915557,0.0,-6.62,35.5475,0.0,35.822875042928544,long_nclose_full,1.0023710201405547
10629256,1620088468000.0,0.0,-0.444857,1325.0021729155571,1324.9034529155572,0.33574058148231495,12.34,36.05,12.34,36.05,long_ientry_full,1.0022894882016626
10661183,1620120395000.0,2.7000000160932855,-0.182950001090467,1327.5192229305599,1331.51218293056,0.19932442064068032,-5.000000029802322,36.59,7.34,36.05,long_sclose_partial,1.002323040698897
10661196,1620120408000.0,0.3348000000000039,-0.022685800000000002,1327.8313371305599,1331.5810971305598,0.18244485818772327,-0.62,36.59,6.72,36.05,long_sclose_full,1.0023234582680298
10661215,1620120427000.0,0.1596000000000001,-0.0102536,1327.9806835305599,1331.71588353056,0.17482332603120085,-0.28,36.62,6.44,36.05,long_sclose_full,1.0023242763113007
10664522,1620123734000.0,0.40095000118017277,-0.015001200044155122,1328.3666323316959,1334.3785423316958,0.16364570948189805,-0.4050000011920929,37.04,6.03,36.05,long_nclose_partial,1.002339774846443
10664527,1620123739000.0,3.4390000086277723,-0.12741495031965897,1331.678217390004,1334.275987390004,0.0701141602984223,-3.4390000086277723,37.05,2.59,36.05,long_nclose_partial,1.0023391496093377
10664531,1620123743000.0,0.8138130233883897,-0.030122463865697384,1332.4619079495267,1334.2579279495267,0.048158224724598055,-0.8130000233650208,37.051,1.78,36.05,long_nclose_partial,1.002339038818171
10664933,1620124145000.0,1.7088000000000017,-0.0658778,1334.1048301495266,1334.1048301495266,0.0,-1.78,37.01,0.0,36.05,long_nclose_full,1.0023380187453137
10679834,1620139046000.0,0.0,-0.42605056,1333.6787795895266,1333.6669395895265,0.31945515405975633,11.84,35.984,11.84,35.984,long_ientry_full,1.0023320908260094
10715816,1620175028000.0,0.5424899999999966,-0.18298137000000003,1334.0382882195265,1334.8913082195265,0.1826122099727259,-5.07,36.091,6.77,35.984,long_sclose_full,1.0023316668440188
10715823,1620175035000.0,0.032759999999999255,-0.01010828,1334.0609399395266,1334.8527199395267,0.1750565907510839,-0.28,36.101,6.49,35.984,long_sclose_full,1.0023314316962106
10739860,1620199072000.0,4.971339999999989,-0.23850750000000004,1338.7937724395267,1338.7937724395267,0.0,-6.49,36.75,0.0,35.984,long_nclose_full,1.0023499797481201
10967763,1620426975000.0,0.0,-0.473748,1338.3200244395268,1337.294384439527,0.35398708182551497,12.21,38.8,12.21,38.8,long_ientry_full,1.0022922447478348
10977247,1620436459000.0,16.227090000000008,-0.48997509000000006,1354.0571393495268,1354.0571393495268,0.0,-12.21,40.129,0.0,38.8,long_nclose_full,1.0023885376500816
11074236,1620533448000.0,0.0,-0.44563400000000003,1353.6115053495269,1353.4741053495268,0.32921853740075097,11.45,38.92,11.45,38.92,long_ientry_full,1.0023642258761722
11094779,1620553991000.0,3.4637999999999884,-0.1988422,1356.876463149527,1361.326023149527,0.18443506597433107,-5.02,39.61,6.43,38.92,long_sclose_full,1.0024049972786238
11094784,1620553996000.0,0.18017999999999945,-0.010299380000000002,1357.0463437695269,1361.4023637695268,0.17695519471572552,-0.26,39.613,6.17,38.92,long_sclose_full,1.0024054339368405
11099369,1620558581000.0,6.287229999999989,-0.24642363,1363.0871501395268,1363.0871501395268,0.0,-6.17,39.939,0.0,38.92,long_nclose_full,1.0024140896010363
11102822,1620562034000.0,0.0,-0.43927132,1362.6478788195268,1362.5236888195268,0.3223659808435209,11.29,38.908,11.29,38.908,long_ientry_full,1.0024101127082348
11112617,1620571829000.0,2.671679999999998,-0.1909864,1365.1285724195268,1369.0566224195268,0.18383367330390685,-4.84,39.46,6.45,38.908,long_sclose_full,1.0024452657352427
11112620,1620571832000.0,0.1601599999999999,-0.01027624,1365.2784561795268,1369.2400561795268,0.1764039554787575,-0.26,39.524,6.19,38.908,long_sclose_full,1.0024463092821179
11112904,1620572116000.0,0.35626499730348593,-0.012612284904539585,1365.6221088919258,1372.2900288919259,0.1675273404775445,-0.3149999976158142,40.039,5.88,38.908,long_nclose_partial,1.0024635880876172
11112934,1620572146000.0,6.656159999999987,-0.23543519999999998,1372.0428336919258,1372.0428336919258,0.0,-5.88,40.04,0.0,38.908,long_nclose_full,1.0024621773659756
11185495,1620644707000.0,0.0,-0.4464608,1371.5963728919257,1371.4265728919258,0.32550450615341386,11.32,39.44,11.32,39.44,long_ientry_full,1.00244270687868
11317528,1620776740000.0,-4.173800000000002,-0.1965758,1367.2259970919258,1362.136087091926,0.17971513160415684,-5.09,38.62,6.23,39.44,long_sclose_full,1.0023621590389462
11327114,1620786326000.0,2.423470000000018,-0.24813467000000003,1369.4013324219259,1369.4013324219259,0.0,-6.23,39.829,0.0,39.44,long_nclose_full,1.0024008301486893
11378545,1620837757000.0,0.0,-0.42737763999999995,1368.9739547819258,1368.665394781926,0.3121882914624772,11.02,38.782,11.02,38.782,long_ientry_full,1.002385873875519
11380109,1620839321000.0,8.176840000000048,-0.43555448,1376.7152403019259,1376.7152403019259,0.0,-11.02,39.524,0.0,38.782,long_nclose_full,1.0024301757023193
11383887,1620843099000.0,0.0,-0.43555334000000007,1376.2796869619258,1375.9321769619257,0.3164715312782564,11.21,38.854,11.21,38.854,long_ientry_full,1.002425039566245
11392507,1620851719000.0,1.818060000000013,-0.18482040000000002,1377.9129265619258,1380.447926561926,0.1832851663785084,-4.71,39.24,6.5,38.854,long_sclose_full,1.002448112373806
11392510,1620851722000.0,0.10218000000000019,-0.010204220000000002,1378.0049023419258,1380.4759423419257,0.17594201558206132,-0.26,39.247,6.24,38.854,long_sclose_full,1.002448266017204
11422750,1620881962000.0,12.267840000000007,-0.2547168,1390.018025541926,1390.018025541926,0.0,-6.24,40.82,0.0,38.854,long_nclose_full,1.0024940080465115
11436924,1620896136000.0,0.0,-0.4258128,1389.592212741926,1389.525972741926,0.3064300419184068,11.04,38.57,11.04,38.57,long_ientry_full,1.0024882319840478
11445410,1620904622000.0,0.9345000000000039,-0.172571,1390.354141741926,1391.863251741926,0.18281407043643672,-4.45,38.78,6.59,38.57,long_sclose_full,1.002499103529976
11445412,1620904624000.0,0.06630000000000066,-0.010094500000000003,1390.410347241926,1392.0688072419262,0.1755942772464992,-0.26,38.825,6.33,38.57,long_sclose_full,1.0025002206428588
11449226,1620908438000.0,6.83639999999999,-0.2509845,1396.995762741926,1396.995762741926,0.0,-6.33,39.65,0.0,38.57,long_nclose_full,1.0025261154343814
11465498,1620924710000.0,0.0,-0.4316088,1396.564153941926,1396.474793941926,0.30905046415644133,11.17,38.64,11.17,38.64,long_ientry_full,1.0025197080053103
11465680,1620924892000.0,7.617940000000024,-0.43922674,1403.742867201926,1403.742867201926,0.0,-11.17,39.322,0.0,38.64,long_nclose_full,1.0025588849070304
11466242,1620925454000.0,0.0,-0.4343764,1403.308490801926,1403.027740801926,0.309537356074696,11.23,38.68,11.23,38.68,long_ientry_full,1.0025549097984683
11467061,1620926273000.0,7.411800000000042,-0.4417882000000001,1410.278502601926,1410.278502601926,0.0,-11.23,39.34,0.0,38.68,long_nclose_full,1.0025936652760137
11467391,1620926603000.0,0.0,-0.43776200000000004,1409.840740601926,1409.716440601926,0.3105045750154016,11.3,38.74,11.3,38.74,long_ientry_full,1.0025905793429106
11469393,1620928605000.0,7.6839999999999975,-0.445446,1417.079294601926,1417.079294601926,0.0,-11.3,39.42,0.0,38.74,long_nclose_full,1.0026294714271515
11472161,1620931373000.0,0.0,-0.4088544407853484,1416.6704401611407,1416.7234493757924,0.2886023659382932,10.546999633312225,38.765,10.55,38.75397542989084,long_ientry_partial,1.0026269397563627
11473751,1620932963000.0,7.1637092146516,-0.41601815000000003,1423.4181312257924,1423.4181312257924,0.0,-10.55,39.433,0.0,38.75397542989084,long_nclose_full,1.002662169179158
11487793,1620947005000.0,0.0,-0.44562097,1422.9725102557925,1422.8692802557925,0.3131620370655618,11.47,38.851,11.47,38.851,long_ientry_full,1.0026560025037634
11488671,1620947883000.0,7.914299999999974,-0.45353527,1430.4332749857924,1430.4332749857924,0.0,-11.47,39.541,0.0,38.851,long_nclose_full,1.0026957788948758
11721617,1621180829000.0,0.0,-0.5449819,1429.8882930857924,1429.8499230857924,0.3811359968714014,12.79,42.61,12.79,42.61,long_ientry_full,1.0026391198848619
11854448,1621313660000.0,-8.531200000000014,-0.2846256,1421.0724674857925,1413.8445374857924,0.1772077819828127,-6.88,41.37,5.91,42.61,long_sclose_full,1.002527254212204
11941603,1621400815000.0,0.0,-0.4676040000000001,1420.6048634857925,1388.4100034857925,0.5064244945879668,12.57,37.2,18.48,38.93014610389611,long_rentry_full,1.0023771215323156
12555804,1622015016000.0,-265.85598000000005,-0.45357312000000005,1154.2953103657924,1154.2953103657924,0.0,-18.48,24.544,0.0,38.93014610389611,long_sclose_full,1.0009878827222827
12557525,1622016737000.0,0.0,-0.13577970000000003,1154.1595306657923,1154.0504706657923,0.11764378874181604,5.74,23.655,5.74,23.655,long_ientry_full,1.000986286270537
12613699,1622072911000.0,6.2566,-0.1420363,1160.2740943657923,1160.2740943657923,0.0,-5.74,24.745,0.0,23.655,long_nclose_full,1.0010187687773153
12615459,1622074671000.0,0.0,-0.24809238000000003,1160.0260019857924,1159.9222019857923,0.213867947421267,10.38,23.901,10.38,23.901,long_ientry_full,1.0010165470339354
12657680,1622116892000.0,0.4088800000000029,-0.036738400000000004,1160.3981435857925,1162.8080635857925,0.18249155358489558,-1.52,24.17,8.86,23.901,long_sclose_full,1.0010301334381635
12657685,1622116897000.0,0.1180199999999995,-0.010156440000000001,1160.5060071457924,1163.0295671457925,0.17382455476997602,-0.42,24.182,8.44,23.901,long_sclose_full,1.0010314345131557
12680375,1622139587000.0,7.587560000000007,-0.209312,1167.8842551457924,1167.8842551457924,0.0,-8.44,24.8,0.0,23.901,long_nclose_full,1.0010579998473337
12684399,1622143611000.0,0.0,-0.29650522,1167.5877499257924,1167.4634499257925,0.25394684041421706,12.43,23.854,12.43,23.854,long_ientry_full,1.0010552067084386
12692385,1622151597000.0,0.9924200000000047,-0.08376580000000002,1168.4964041257924,1171.1216841257924,0.18291185085837122,-3.47,24.14,8.96,23.854,long_sclose_full,1.00107586214867
12692387,1622151599000.0,0.12012000000000057,-0.0101388,1168.6063853257924,1171.1342253257924,0.17432145036860067,-0.42,24.14,8.54,23.854,long_sclose_full,1.0010759349537282
12693795,1622153007000.0,7.139440000000017,-0.2108526,1175.5349727257924,1175.5349727257924,0.0,-8.54,24.69,0.0,23.854,long_nclose_full,1.0011013719565656
12698126,1622157338000.0,0.0,-0.23407972149559858,1175.3008930042968,1175.3333715086983,0.19916578204688118,9.797000020742416,23.893,9.8,23.885685866897813,long_ientry_partial,1.0010998278215129
12699878,1622159090000.0,0.21108073047481593,-0.0200362,1175.4919375347715,1177.835925308698,0.18226803211888098,-0.83,24.14,8.97,23.885685866897813,long_sclose_full,1.0011141622320117
12699883,1622159095000.0,0.10655762170918351,-0.010114659994244577,1175.5883804964865,1177.7884163345102,0.1737194902145315,-0.4189999997615814,24.14,8.55,23.885685866897813,long_sclose_partial,1.0011138870687484
12713297,1622172509000.0,5.226735838023701,-0.20944935,1180.6056669845102,1180.6056669845102,0.0,-8.55,24.497,0.0,23.885685866897813,long_nclose_full,1.0011289659253677
12720494,1622179706000.0,0.0,-0.3410025,1180.2646644845101,1179.4951644845103,0.28892036698305756,14.25,23.93,14.25,23.93,long_ientry_full,1.0011219277448302
12859330,1622318542000.0,0.0,-0.25643679999999996,1180.00822768451,1114.09063768451,0.5063009612842572,13.28,19.31,27.53,21.701391209589538,long_rentry_full,1.0007261587666898
13001015,1622460227000.0,5.021792953142015,-0.3826259999999999,1184.647394637652,1187.58113168451,0.18557006409521795,-17.4,21.99,10.13,21.701391209589538,long_sclose_full,1.0011431610126758
13001018,1622460230000.0,0.13276004358881188,-0.0101154,1184.7700392812408,1187.5705562845098,0.1771250504646801,-0.46,21.99,9.67,21.701391209589538,long_sclose_full,1.0011431015015158
13019063,1622478275000.0,8.91195700326918,-0.21876441,1193.46323187451,1193.46323187451,0.0,-9.67,22.623,0.0,21.701391209589538,long_nclose_full,1.0011744024672147
13077146,1622536358000.0,0.0,-0.3681532,1193.09507867451,1192.02115867451,0.30856987559533505,16.78,21.94,16.78,21.94,long_ientry_full,1.001161185861886
13079256,1622538468000.0,3.343679995536799,-0.2071223997235298,1196.2316362703232,1198.957996270323,0.13737356128814565,-9.287999987602234,22.3,7.49,21.94,long_nclose_partial,1.0011993744430125
13079258,1622538470000.0,2.74882999999998,-0.16707943,1198.8133868403231,1198.8133868403231,0.0,-7.49,22.307,0.0,21.94,long_nclose_full,1.0011985765038858
13080689,1622539901000.0,0.0,-0.37200289,1198.4413839503231,1198.170503950323,0.31040557759595855,16.93,21.973,16.93,21.973,long_ientry_full,1.0011948979924874
13082928,1622542140000.0,6.281030000000038,-0.37828392000000005,1204.3441300303232,1204.3441300303232,0.0,-16.93,22.344,0.0,21.973,long_nclose_full,1.0012286746721757
13093269,1622552481000.0,0.0,-0.37720259999999994,1203.9669274303233,1203.8641474303233,0.31329980201788366,17.13,22.02,17.13,22.02,long_ientry_full,1.0012250700174048
13094828,1622554040000.0,1.633000000000003,-0.157975,1205.4419524303232,1207.8993024303231,0.18321960634829168,-7.1,22.25,10.03,22.02,long_sclose_full,1.0012470298812863
13094830,1622554042000.0,0.11025000000000044,-0.010019250000000002,1205.5421831803233,1207.9659231803232,0.17498483499224526,-0.45,22.265,9.58,22.02,long_sclose_full,1.00124739404342
13094999,1622554211000.0,4.598400000000004,-0.21555000000000002,1209.9250331803232,1209.9250331803232,0.0,-9.58,22.5,0.0,22.02,long_nclose_full,1.0012580833666667
13103429,1622562641000.0,0.0,-0.37996959999999996,1209.5450635803231,1209.476103580323,0.3141425742958828,17.24,22.04,17.24,22.04,long_ientry_full,1.0012548234325518
13104103,1622563315000.0,2.1450000000000053,-0.15973099999999998,1211.5303325803231,1214.5976925803232,0.18355594905029438,-7.15,22.34,10.09,22.04,long_sclose_full,1.0012826551519032
13104108,1622563320000.0,0.13995,-0.01005795,1211.6602246303232,1214.7835846303233,0.1753508084866144,-0.45,22.351,9.64,22.04,long_sclose_full,1.0012836649807229
13104973,1622564185000.0,3.300251933097859,-0.1671235686120987,1214.793352994809,1215.7790129948091,0.04009603763464792,-7.432999849319458,22.484,2.21,22.04,long_nclose_partial,1.0012889873559456
13105039,1622564251000.0,0.9724000000000028,-0.0496808,1215.7160721948092,1215.7160721948092,0.0,-2.21,22.48,0.0,22.04,long_nclose_full,1.0012886390982256
13107029,1622566241000.0,0.0,-0.04187599947452545,1215.6741961953346,1215.672296720809,0.034446728906135975,1.899999976158142,22.04,1.9,22.03999972343445,long_ientry_partial,1.0012882056516867
13122346,1622581558000.0,0.9500005254745467,-0.042825999999999996,1216.5813707208092,1216.5813707208092,0.0,-1.9,22.54,0.0,22.03999972343445,long_nclose_full,1.0012916291624625
13330075,1622789287000.0,0.0,-0.52781056,1216.0535601608092,1216.0100401608092,0.43403561922897793,21.76,24.256,21.76,24.256,long_ientry_full,1.0012684398293554
13368343,1622827555000.0,19.671039999999998,-0.5474816000000001,1235.1771185608093,1235.1771185608093,0.0,-21.76,25.16,0.0,24.256,long_nclose_full,1.001366016969174
13427494,1622886706000.0,0.0,-0.4036857,1234.7734328608092,1234.0686628608091,0.3269309893270969,16.39,24.63,16.39,24.63,long_ientry_full,1.0013542104344093
13485585,1622944797000.0,-1.9083999999999854,-0.1788758,1232.6861570608091,1230.351257060809,0.18082583204429067,-7.34,24.37,9.05,24.63,long_sclose_full,1.0013290186200836
13571239,1623030451000.0,3.8914999999999975,-0.22679300000000002,1236.350864060809,1236.350864060809,0.0,-9.05,25.06,0.0,24.63,long_nclose_full,1.0013516357333982
13626015,1623085227000.0,0.0,-0.38860497000000005,1235.962259090809,1235.786369090809,0.3144149161042047,15.99,24.303,15.99,24.303,long_ientry_full,1.0013432989067976
13817477,1623276689000.0,-8.588040000000007,-0.16347720000000002,1227.210741890809,1216.456371890809,0.17644869182481995,-7.08,23.09,8.91,24.303,long_sclose_full,1.0012259666329408
13829061,1623288273000.0,1.3097699999999863,-0.2178495,1228.302662390809,1228.302662390809,0.0,-8.91,24.45,0.0,24.303,long_nclose_full,1.0012855632026885
13885558,1623344770000.0,0.0,-0.38065284000000005,1227.922009550809,1227.707119550809,0.30999757072458384,16.53,23.028,16.53,23.028,long_ientry_full,1.001277307737311
13928714,1623387926000.0,0.8271599999999992,-0.15695699999999999,1228.5922125508089,1229.947462550809,0.1827481874834973,-6.78,23.15,9.75,23.028,long_sclose_full,1.0012846711995291
13928716,1623387928000.0,0.06864000000000103,-0.01020096,1228.6506515908088,1230.168181590809,0.1744927898930549,-0.44,23.184,9.31,23.028,long_sclose_full,1.0012857855012642
14007813,1623467025000.0,0.0,-0.4076165,1228.243035090809,1200.340015090809,0.5064202785843703,20.33,20.05,29.64,20.985397435897433,long_rentry_full,1.0011269388267754
14156091,1623615303000.0,16.809274615384677,-0.3983238,1244.6539859061936,1255.295771290809,0.19322049126793212,-18.18,21.91,11.46,20.985397435897433,long_sclose_full,1.0013886962552658
14156558,1623615770000.0,0.5824996153846175,-0.013803300000000001,1245.2226822215782,1255.246957990809,0.1825150292197519,-0.63,21.91,10.83,20.985397435897433,long_sclose_full,1.0013884127511041
14156560,1623615772000.0,0.43083717948718125,-0.01008412,1245.6434352810654,1255.407853870809,0.17470374366092425,-0.46,21.922,10.37,20.985397435897433,long_sclose_full,1.0013891958882335
14158562,1623617774000.0,12.927268589743615,-0.23054583999999997,1258.340158030809,1258.340158030809,0.0,-10.37,22.232,0.0,20.985397435897433,long_nclose_full,1.0014032559875075
14182711,1623641923000.0,0.0,-0.30864792,1258.031510110809,1258.002950110809,0.24534196283590218,14.28,21.614,14.28,21.614,long_ientry_full,1.0013992299725998
14191012,1623650224000.0,1.0744799999999977,-0.0795333,1259.026456810809,1262.200156810809,0.18283102690556885,-3.63,21.91,10.65,21.614,long_sclose_full,1.0014187189117738
14216666,1623675878000.0,0.12235999999999919,-0.0100648,1259.138752010809,1261.941002010809,0.17491849857553213,-0.46,21.88,10.19,21.614,long_sclose_full,1.0014149073185652
14218555,1623677767000.0,7.734210000000003,-0.22798087,1266.644981140809,1266.644981140809,0.0,-10.19,22.373,0.0,21.614,long_nclose_full,1.0014373601937572
14383066,1623842278000.0,0.0,-0.43512600000000007,1266.209855140809,1266.153455140809,0.3436444584863951,18.8,23.145,18.8,23.145,long_ientry_full,1.0014185734193555
14430903,1623890115000.0,2.7468000000000115,-0.20457120000000004,1268.752083940809,1272.118803940809,0.18388273245262643,-8.72,23.46,10.08,23.145,long_sclose_full,1.0014420494450997
14430905,1623890117000.0,0.1449099999999999,-0.01009726,1268.8868966808088,1272.1775466808087,0.17601982539518965,-0.43,23.482,9.65,23.145,long_sclose_full,1.0014423261065941
14441418,1623900630000.0,4.834650000000012,-0.22818390000000002,1273.4933627808089,1273.4933627808089,0.0,-9.65,23.646,0.0,23.145,long_nclose_full,1.0014474691225548
14476645,1623935857000.0,0.0,-0.41661921,1273.076743570809,1272.680083570809,0.32725380626421563,18.03,23.107,18.03,23.107,long_ientry_full,1.0014401262032244
14816092,1624275304000.0,0.0,-0.22788050999999998,1272.848863060809,1164.889943060809,0.5063442634109575,13.31,17.121,31.34,20.56476451818762,long_rentry_full,1.0008904378816172
15436762,1624895974000.0,-126.94294095724311,-0.41267647999999996,1145.4932456235658,1120.856346580809,0.09155907242880663,-26.24,15.727,5.1,20.56476451818762,long_sclose_full,1.0006387856671624
15438830,1624898042000.0,0.0,-0.3656376,1145.127608023566,1119.1665889808091,0.41088687037669774,23.62,15.48,28.72,16.38293520343861,long_rentry_full,1.0006302516296381
15451026,1624910238000.0,-11.39818854539041,-0.262033,1133.4673864781755,1125.4922759808092,0.17387947183000954,-16.69,15.7,12.03,16.38293520343861,long_sclose_full,1.0006612913429243
15473199,1624932411000.0,-1.3586104973664805,-0.1957281,1131.913047880809,1131.913047880809,0.0,-12.03,16.27,0.0,16.38293520343861,long_nclose_full,1.0006921294184636
15566878,1625026090000.0,0.0,-0.3666905,1131.546357380809,1131.408417380809,0.32406140288302343,22.99,15.95,22.99,15.95,long_ientry_full,1.0006854861941394
15622216,1625081428000.0,-0.38440001010894637,-0.06092740160226822,1131.101029969098,1129.2243299690979,0.2700399804324683,-3.8440001010894775,15.85,19.15,15.95,long_sclose_partial,1.000672363308714
15622218,1625081430000.0,-0.06380000114440895,-0.010112300181388855,1131.027117667772,1129.194627667772,0.2610322028430111,-0.6380000114440918,15.85,18.51,15.95,long_sclose_partial,1.0006722176503866
15622220,1625081432000.0,-0.4898099999999985,-0.08930869,1130.447998977772,1129.3531989777719,0.1817297214783601,-5.63,15.863,12.88,15.95,long_sclose_full,1.0006729946847222
15628894,1625088106000.0,3.34880000000002,-0.20878480000000002,1133.588014177772,1133.588014177772,0.0,-12.88,16.21,0.0,15.95,long_nclose_full,1.0006934121281041
15647418,1625106630000.0,0.0,-0.35152543999999997,1133.236488737772,1133.192008737772,0.31019601247709383,22.24,15.806,22.24,15.806,long_ientry_full,1.0006906603530854
15839736,1625298948000.0,-2.493779999999995,-0.14513426,1130.597574477772,1127.166174477772,0.18034480579368048,-9.34,15.539,12.9,15.806,long_sclose_full,1.000653169592501
15925302,1625384514000.0,1.6641000000000172,-0.20556150000000004,1132.056112977772,1132.056112977772,0.0,-12.9,15.935,0.0,15.806,long_nclose_full,1.0006731601063634
15992314,1625451526000.0,0.0,-0.3655068000000001,1131.690606177772,1131.597126177772,0.32297413975581263,23.37,15.64,23.37,15.64,long_ientry_full,1.000668146076205
16023094,1625482306000.0,0.9116999999999986,-0.15934490000000004,1132.442961277772,1133.647801277772,0.1828556554992864,-10.13,15.73,13.24,15.64,long_sclose_full,1.000676631620443
16023102,1625482314000.0,0.06336000000000012,-0.01007296,1132.496248317772,1133.768848317772,0.17400852346550552,-0.64,15.739,12.6,15.64,long_sclose_full,1.0006772074037142
16089660,1625548872000.0,3.8555999999999893,-0.2009196,1136.1509287177719,1136.1509287177719,0.0,-12.6,15.946,0.0,15.64,long_nclose_full,1.000685683217541
16103896,1625563108000.0,0.0,-0.3481452,1135.8027835177718,1135.6903335177717,0.306519058635986,22.49,15.48,22.49,15.48,long_ientry_full,1.0006828998957804
16112756,1625571968000.0,0.8171999999999987,-0.1413756,1136.4786079177718,1137.6989179177717,0.182657903592515,-9.08,15.57,13.41,15.48,long_sclose_full,1.000692006012003
16112758,1625571970000.0,0.0663000000000002,-0.010128300000000002,1136.5347796177718,1137.8745796177718,0.1737956493213781,-0.65,15.582,12.76,15.48,long_sclose_full,1.0006928343653512
16135669,1625594881000.0,4.338399999999998,-0.20186320000000002,1140.6713164177718,1140.6713164177718,0.0,-12.76,15.82,0.0,15.48,long_nclose_full,1.000705004155341
16149180,1625608392000.0,0.0,-0.35654034,1140.3147760777717,1140.0621060777717,0.31266835042369323,22.97,15.522,22.97,15.522,long_ientry_full,1.0007015539493656
16150912,1625610124000.0,1.8466500000000028,-0.14883999000000003,1142.0125860877718,1144.7935860877717,0.18348922118087307,-9.47,15.717,13.5,15.522,long_sclose_full,1.0007236501800953
16151038,1625610250000.0,0.14144000000000007,-0.010075520000000001,1142.1439505677718,1144.9988705677717,0.17477036926980205,-0.64,15.743,12.86,15.522,long_sclose_full,1.0007246044141997
16152335,1625611547000.0,3.8837199999999945,-0.20349663999999998,1145.8241739277717,1145.8241739277717,0.0,-12.86,15.824,0.0,15.522,long_nclose_full,1.0007284031756714
16254730,1625713942000.0,0.0,-0.4175408,1145.4066331277716,1145.2501531277715,0.36453499388231914,26.08,16.01,26.08,16.01,long_ientry_full,1.0007211475918572
16387279,1625846491000.0,-3.2884800000000145,-0.20900412000000002,1141.9091490077715,1138.8067090077714,0.17974126941564872,-13.26,15.762,12.82,16.01,long_sclose_full,1.0006855442335725
16767526,1626226738000.0,0.0,-0.217048321480751,1141.6921006862908,1110.8766992055398,0.36988652301868546,15.936000108718872,13.62,28.76,14.683467367202748,long_rentry_partial,1.0005419631007624
17305430,1626764642000.0,0.0,-0.15564877000000002,1141.5364519162908,1027.4455604355398,0.5062871978468647,14.51,10.727,43.27,13.356720394748116,long_rentry_full,1.0001351886183512
17407991,1626867203000.0,-33.43402312534059,-0.37007249999999997,1107.7323562909503,1093.35694793554,0.15747375019313184,-30.21,12.25,13.06,13.356720394748116,long_sclose_full,1.0004430806709104
17510400,1626969612000.0,-4.9069083554103985,-0.16953186,1102.6559160755398,1102.6559160755398,0.0,-13.06,12.981,0.0,13.356720394748116,long_nclose_full,1.0004822958996042
17597190,1627056402000.0,0.0,-0.02378609970152378,1102.6321299758383,1102.6283302743145,0.021572108280614857,1.899999976158142,12.519,1.9,12.518999842907254,long_ientry_partial,1.000479793733722
17618580,1627077792000.0,0.6479002984762159,-0.024433999999999997,1103.2555962743145,1103.2555962743145,0.0,-1.9,12.86,0.0,12.518999842907254,long_nclose_full,1.0004820013943185
17890645,1627349857000.0,0.0,-0.42650631,1102.8290899643146,1102.6399099643147,0.3867383567237974,31.53,13.527,31.53,13.527,long_ientry_full,1.0004719727021025
17924084,1627383296000.0,13.967790000000045,-0.44047410000000004,1116.3564058643146,1116.3564058643146,0.0,-31.53,13.97,0.0,13.527,long_nclose_full,1.0005307153379808
